{
  "metadata": {
    "name": "Bảo Tàng Truyện",
    "author": "Darkness",
    "version": 1,
    "source": "https://baotangtruyen21.com",
    "regexp": "https://baotangtruyen21.com/truyen-tranh/[0-9a-z-]+/?$",
    "description": "Đọc truyện trên trang Bảo Tàng Truyện",
    "locale": "vi-VN",
    "language": "javascript",
    "type": "comic"
  },
  "script": {
    "home": "home.js",
    "genre": "genre.js",
    "detail": "detail.js",
    "search": "search.js",
    "toc": "toc.js",
    "chap": "chap.js"
  }
}